{
  "toggle_mod": true,
  "animation_speed": 200,
  "curve_points": [
    [
      0.3206787,
      0.72528064
    ],
    [
      0.5949504,
      0.9439015
    ]
  ]
}